<?xml version="1.0" encoding="utf-8" standalone="no" ?>
<modDesc descVersion="32">
   <author>gotchTOM/webalizer</author>
    <title>
		<en>ProSeed</en>
        <de>ProSeed</de>
		<fr>ProSeed</fr>
		<ru>ProSeed</ru>
		<nl>ProSeed</nl>
	    <pl>ProSeed</pl>
	    <it>ProSeed</it>
    </title>
    <description>
        <en>Additional functionality for sowing machines.</en>
		<de>Erweiterte Funktionalität für Sämaschinen.</de>
		<fr>Fonctionnalité supplémentaire pour les machines à coudre.</fr>
		<ru>Дополнительные функциональные возможности для посевных машин.</ru>
		<nl>Vermeerderde functionaliteit voor Zaaimachines.</nl>
	    <pl>Dodatkowa funkcjonalność dla siewników.</pl>
	    <it>Funzionalità aggiuntive per seminatrici.</it>
 	</description>
    <multiplayer supported="true"/>
	<iconFilename>store.png</iconFilename>
	<version>1.0.1.2</version>
	<extraSourceFiles>
        <sourceFile filename="register.lua" />
    </extraSourceFiles>
	<inputBindings>
		<input name="SOWINGSUPP_HUD"       			category="VEHICLE" key1="KEY_KP_7"   			key2="" button="" device="0" mouse="" visible="true" />
		<input name="SOWINGSUPP_MOUSE"       		category="VEHICLE" key1="KEY_lctrl"   			key2="" button="" device="0" mouse="" visible="true" />
		<input name="DRIVINGLINE"  					category="VEHICLE" key1="KEY_KP_8" 				key2="" button="" device="0" mouse="" visible="true" />
		<input name="RM_UPGRADE_RMright"			category="VEHICLE" key1="KEY_lshift KEY_z" 		key2="" button="" device="0" mouse="" visible="true" />
		<input name="RM_UPGRADE_RMleft"				category="VEHICLE" key1="KEY_z" 				key2="" button="" device="0" mouse="" visible="true" />
		<input name="DRIVINGLINE_TOGGLESHUTOFF"		category="VEHICLE" key1="KEY_KP_9" 				key2="" button="" device="0" mouse="" visible="true" />
		<input name="SOWINGCOUNTER_RESETSESSIONHA"	category="VEHICLE" key1="KEY_lalt KEY_delete" 	key2="" button="" device="0" mouse="" visible="true" />
    </inputBindings>
	<l10n>
		<!-- Buttons -->
		<text name="input_SOWINGSUPP_HUD">
			<en>ProSeed   HUD activate</en>
			<de>ProSeed   HUD aktivieren</de>
			<ru>ProSeed   Активировать HUD</ru>
			<nl>ProSeed   HUD activeren</nl>
			<pl>ProSeed   Pokaż/Ukryj HUD</pl>
			<it>ProSeed   attivare HUD</it>
		</text>
		<text name="input_SOWINGSUPP_MOUSE">
			<en>ProSeed   MOUSE activate</en>
			<de>ProSeed   Maus aktivieren</de>
			<ru>ProSeed   Активировать MOUSE</ru>
			<nl>ProSeed   MOUSE activeren</nl>
			<pl>ProSeed   Pokaż/Ukryj kursor myszki</pl>
			<it>ProSeed   attivare MOUSE</it>
		</text>
		<text name="input_DRIVINGLINE">
			<en>ProSeed   driving line control</en>
			<de>ProSeed   Fahrgassen-Schaltung</de>
			<ru>ProSeed   Управление колеями</ru>
			<nl>ProSeed   Werkstroken schakeling</nl>
			<pl>ProSeed   Ścieżki technologiczne</pl>
			<it>ProSeed   corsie di percorrenza</it>
		</text>
		<text name="input_RM_UPGRADE_RMright">
			<en>ProSeed   Ridgemarker right</en>
			<de>ProSeed   Spurreisser rechts</de>
			<ru>ProSeed   Правый маркер</ru>
			<nl>ProSeed   Spoorwijzer rechts</nl>
			<pl>ProSeed   Prawy znacznik</pl>
			<it>ProSeed   indicatore di porche destro</it>
		</text>
		<text name="input_RM_UPGRADE_RMleft">
			<en>ProSeed   Ridgemarker left</en>
			<de>ProSeed   Spurreisser links</de>
			<ru>ProSeed   Левый маркер</ru>
			<nl>ProSeed   Spoorwijzer links</nl>
			<pl>ProSeed   Lewy znacznik</pl>
			<it>ProSeed   indicatore di porche sinistro</it>
		</text>
		<text name="input_DRIVINGLINE_TOGGLESHUTOFF">
			<en>ProSeed   Toggle halfside shutoff</en>
			<de>ProSeed   Halbseitige Abschaltung</de>
			<ru>ProSeed   Сторона отключения половины</ru>
			<nl>ProSeed   Eenzijdige  uitschakeling</nl>
			<pl>ProSeed   Wyłączanie siewu na połowie strony</pl>
			<it>ProSeed   metà lato spento</it>
		</text>
		<text name="input_SOWINGCOUNTER_RESETSESSIONHA">
			<en>ProSeed   reset hectare counter</en>
			<de>ProSeed   Hektarzähler zurücksetzen</de>
			<ru>ProSeed   Обнулить счетчик площади</ru>
			<nl>ProSeed   Hectareteller resetten</nl>
			<pl>ProSeed   Reset licznika hektarów</pl>
			<it>ProSeed   resettare contaettari</it>
		</text>
		<!-- Text -->
		<text name="SOWINGSUPP_CONFIGLABEL">
			<en>Preferences</en>
			<de>Einstellungen</de>
			<ru>Настройки</ru>
			<nl>Instelling</nl>
			<pl>Preferencje</pl>
			<it>Preferenze</it>
		</text>
		<text name="SOWINGSUPP_HUDon">
			<en>activate ProSeed HUD</en>
			<de>ProSeed HUD einschalten</de>
			<ru>Активировать ProSeed HUD</ru>
			<nl>ProSeed HUD activeren</nl>
			<pl>Pokaż HUD ProSeed</pl>
			<it>ProSeed attiva HUD</it>
		</text>
		<text name="SOWINGSUPP_HUDoff">
			<en>deactivate ProSeed HUD</en>
			<de>ProSeed HUD ausschalten</de>
			<ru>Деактивировать ProSeed HUD</ru>
			<nl>ProSeed HUD afzetten</nl>
			<pl>Ukryj HUD ProSeed</pl>
			<it>ProSeed disattiva HUD</it>
		</text>
		<text name="SOWINGCOUNTER">
			<en>hectare counter</en>
			<de>Hektarzähler</de>
			<ru>Подсчет площади</ru>
			<nl>Hectareteller</nl>
			<pl>Licznik hektarów</pl>
			<it>Contaettari</it>
		</text>
		<text name="SOWINGSOUNDS">
			<en>Acoustic signals</en>
			<de>Akustische Signale</de>
			<ru>Звуковые сигналы</ru>
			<nl>Akoestische signalen</nl>
			<pl>Sygnały akustyczne</pl>
			<it>Segnale acustico</it>
		</text>
		<text name="SOWINGSOUNDS_SIGNAL">
			<en>Signals</en>
			<de>Signale</de>
			<ru>Сигналы</ru>
			<nl>Signalen</nl>
			<pl>Sygnały</pl>
			<it>Segnale</it>
		</text>
		<text name="DRIVINGLINE">
			<en>Tramlines</en>
			<de>Fahrgassen</de>
			<ru>Тех.колеи</ru>
			<nl>Werkstroken</nl>
			<pl>Ścieżki technologiczne</pl>
			<it>corsie di percorrenza</it>
		</text>
		<text name="DRIVINGLINE_OFF">
			<en>switch off tramline</en>
			<de>Fahrgasse ausschalten</de>
			<ru>Выключить тех.колеи</ru>
			<nl>Werkstroken aanzetten</nl>
			<pl>Wyłącz ścieżki technologiczne</pl>
			<it>Disattiva corsie di percorrenza</it>
		</text>
		<text name="DRIVINGLINE_ON">
			<en>switch on tramline</en>
			<de>Fahrgasse einschalten</de>
			<ru>Включить тех.колеи</ru>
			<nl>Werkstroken uitzetten</nl>
			<pl>Włącz ścieżki technologiczne</pl>
			<it>Attiva corsie di percorrenza</it>
		</text>
		<text name="DRIVINGLINE_SHIFT">
			<en>upshift track counter</en>
			<de>Spurzähler hochschalten</de>
			<ru>Увеличить счетчик проходов</ru>
			<nl>Spoorteller opschakelen</nl>
			<pl>Zwiększ licznik torów jazdy</pl>
			<it>Aumenta contatore passaggi</it>
		</text>
		<text name="DRIVINGLINE_PAUSE">
			<en>pause track counter</en>
			<de>Spurzähler pausieren</de>
			<ru>Приостановить счетчик проходов</ru>
			<nl>Spoorteller stilzetten</nl>
			<pl>Spauzuj licznik torów jazdy</pl>
			<it>Ferma contatore passaggi</it>
		</text>
		<text name="DRIVINGLINE_ENABLE">
			<en>enable track counter</en>
			<de>Spurzähler aktivieren</de>
			<ru>Включить счетчик проходов</ru>
			<nl>Spoorteller activeren</nl>
			<pl>Włącz licznik torów jazdy</pl>
			<it>Attiva contatore passaggi</it>
		</text>
		<text name="DRIVINGLINE_GPSRESET">
			<en>reset GPS track counter</en>
			<de>GPS Spurzähler zurücksetzen</de>
			<ru>Сбросить GPS счетчик проходов</ru>
			<nl>GPS spoorteller resetten</nl>
			<pl>Resetuj licznik torów jazdy GPSa</pl>
			<it>Resetta GPS contatore passaggi</it>
		</text>
		<text name="DRIVINGLINE_MANUAL">
			<en>manual</en>
			<de>manuell</de>
			<ru>ручной</ru>
			<nl>handmatig</nl>
			<pl>Ręcznie</pl>
			<it>Manuale</it>
		</text>
		<text name="DRIVINGLINE_SEMIAUTO">
			<en>semi</en>
			<de>semi</de>
			<ru>половина</ru>
			<nl>semi</nl>
			<pl>Półautomat</pl>
			<it>Semiauto.</it>
		</text>
		<text name="DRIVINGLINE_AUTO">
			<en>auto</en>
			<de>auto</de>
			<ru>auto</ru>
			<nl>auto</nl>
			<pl>Automat</pl>
			<it>auto</it>
		</text>
		<text name="DRIVINGLINE_GPS">
			<en>GPS</en>
			<de>GPS</de>
			<ru>GPS</ru>
			<nl>GPS</nl>
			<pl>GPS</pl>
			<it>GPS</it>
		</text>
		<text name="DRIVINGLINE_MODE">
			<en>Mode</en>
			<de>Modus</de>
			<ru>Режим</ru>
			<nl>Modus</nl>
			<pl>Tryb</pl>
			<it>Modalità</it>
		</text>
		<text name="DRIVINGLINE_SPWORKWIDTH">
			<en>Distance</en>
			<de>Abstand Fahrgassen</de>
			<ru>Расстояние</ru>
			<nl>Afstand</nl>
			<pl>Dystans</pl>
			<it>Distanza</it>
		</text>
		<text name="DRIVINGLINE_CURRENTLANE">
			<en>Track nr.</en>
			<de>Fahrt Nr.</de>
			<ru>Проход №</ru>
			<nl>Rit nummer</nl>
			<pl>Tor jazdy</pl>
			<it>Passaggio nr.</it>
		</text>
		<text name="DRIVINGLINE_WORKWIDTH">
			<en>Target width:</en>
			<de>Zielbreite:</de>
			<ru>Рабочая ширина:</ru>
			<nl>Werkbreedte:</nl>
			<pl>Szerokość robocza:</pl>
			<it>Larghezza di lavoro:</it>
		</text>
		<text name="DRIVINGLINE_NUMDRILINE">
			<en>Tramline in: </en>
			<de>Fahrgasse in: </de>
			<ru>Тех.колея на: </ru>
			<nl>Werkstrook in:</nl>
			<pl>Ścieżki tech. w:</pl>
			<it>Corsia di passaggio in:</it>
		</text>
		<text name="DRIVINGLINE_TOGGLESHUTOFF">
			<en>Toggle halfside shutoff</en>
			<de>Halbseitige Abschaltung</de>
			<ru>Изменение стороны отсечения</ru>
			<nl>Eenzijdige uitschakeling</nl>
			<pl>Wyłączanie siewu na połowie strony</pl>
			<it>Metà lato spento</it>
		</text>
		<text name="FERTILIZATION">
			<en>fertilization </en>
			<de>Düngung </de>
			<ru>Удобрение </ru>
			<nl>Bemesting</nl>
			<pl>Nawożenie</pl>
			<it>Fertilizzazione</it>
		</text>
		<text name="RM_UPGRADE_RMright">
			<en>Ridgemarker right</en>
			<de>Spurreisser rechts</de>
			<ru>Правый маркер</ru>
			<nl>Spoorwijzer rechts</nl>
			<pl>Prawy znacznik</pl>
			<it>Indicatore di porche destro</it>
		</text>
		<text name="RM_UPGRADE_RMleft">
			<en>Ridgemarker left</en>
			<de>Spurreisser links</de>
			<ru>Левый маркер</ru>
			<nl>Spoorwijzer links</nl>
			<pl>Lewy zancznik</pl>
			<it>Indicatore di porche sinistro</it>
		</text>
	</l10n>
</modDesc>
